step,beta,lr,objective_grey,objective_binary,best_binary,grey,fill,t_step_s
0,2.0,0.016666666666666666,4.5181171329824615e-05,1.9296912394583415e-05,1.9296912394583415e-05,0.998881,0.500025,147.0
1,2.0,0.03333333333333333,0.00020621488192183743,,1.9296912394583415e-05,0.997028,0.499964,71.0
2,2.0,0.05,0.00039800866280412836,0.0009866263521581906,0.0009866263521581906,0.991282,0.499982,98.2
3,2.0,0.05,0.0007268075829036867,,0.0009866263521581906,0.978899,0.499302,70.7
4,2.0,0.05,0.00022847022003027998,7.507001030360644e-05,0.0009866263521581906,0.966586,0.498818,97.9
5,2.0,0.05,0.0003974530287645953,,0.0009866263521581906,0.954210,0.498665,71.4
6,2.0,0.05,0.0006472169742661041,0.001478706610043111,0.001478706610043111,0.941291,0.498424,98.1
7,2.0,0.05,0.012661292335606221,,0.001478706610043111,0.932406,0.497847,70.9
8,2.0,0.05,0.021724630111932677,0.0029781864330004635,0.0029781864330004635,0.922425,0.497340,98.1
9,2.0,0.05,0.027677143106610087,,0.0029781864330004635,0.914651,0.497981,70.2
10,2.0,0.05,0.025569790427112438,0.0006836386405854228,0.0029781864330004635,0.903481,0.497644,99.1
11,2.0,0.05,0.03303542064549741,,0.0029781864330004635,0.893502,0.497175,70.5
12,2.0,0.05,0.04073182329814806,0.002067673943188452,0.0029781864330004635,0.885529,0.497558,98.1
13,2.0,0.05,0.04696731067738569,,0.0029781864330004635,0.878656,0.497602,70.8
14,2.0,0.05,0.053883806881747605,0.0013599946156975312,0.0029781864330004635,0.872376,0.497645,98.2
15,2.0,0.05,0.06131298654833646,,0.0029781864330004635,0.866140,0.497114,70.4
16,2.0,0.05,0.06832861500062598,0.0016443718281774497,0.0029781864330004635,0.859396,0.497274,98.5
17,2.0,0.05,0.07096751536427305,,0.0029781864330004635,0.851713,0.496982,105.8
18,2.0,0.05,0.07355045750409607,0.0017016231261357056,0.0029781864330004635,0.845963,0.497234,80.1
19,2.0,0.05,0.07652424881813662,,0.0029781864330004635,0.839585,0.497436,54.2
20,2.0,0.05,0.07962341720354596,0.002063517257266364,0.0029781864330004635,0.833452,0.497070,79.3
21,2.0,0.05,0.08157000533469337,,0.0029781864330004635,0.826777,0.496693,54.0
22,2.0,0.05,0.08363154414378302,0.001878523388618857,0.0029781864330004635,0.820353,0.496333,76.5
23,2.0,0.05,0.08546452316961484,,0.0029781864330004635,0.813690,0.496138,54.1
24,2.0,0.05,0.08704467519145921,0.0019133681211725294,0.0029781864330004635,0.807199,0.495803,76.0
25,2.0,0.05,0.08843741939183915,,0.0029781864330004635,0.800995,0.495482,54.1
26,2.0,0.05,0.08966653858590806,0.001721147398844013,0.0029781864330004635,0.795050,0.495161,76.0
27,2.0,0.05,0.09075836467406757,,0.0029781864330004635,0.789415,0.494995,54.2
28,2.0,0.05,0.09171114539356838,0.0016194126859775569,0.0029781864330004635,0.784261,0.494844,76.0
29,2.0,0.05,0.09259539689498487,,0.0029781864330004635,0.780041,0.494637,54.2
30,2.0,0.05,0.09343753027650203,0.0015630039295119616,0.0029781864330004635,0.776356,0.494445,77.3
31,2.0,0.05,0.09424866778576178,,0.0029781864330004635,0.773262,0.494208,54.3
32,2.0,0.05,0.09501739248217715,0.001703899224761805,0.0029781864330004635,0.770715,0.494078,75.9
33,2.0,0.05,0.09573224270657661,,0.0029781864330004635,0.768467,0.494013,53.9
34,2.0,0.05,0.09639417428603178,0.0020253817903580313,0.0029781864330004635,0.766435,0.493975,76.0
35,2.0,0.05,0.09700556947496464,,0.0029781864330004635,0.764535,0.494026,54.0
36,2.0,0.05,0.09757742993603341,0.0024664415445319714,0.0029781864330004635,0.762750,0.494147,76.2
37,2.0,0.05,0.09812173821228884,,0.0029781864330004635,0.761035,0.494346,54.1
38,2.0,0.05,0.09863580185931448,0.0028531028276557826,0.0029781864330004635,0.759470,0.494637,76.2
39,2.0,0.05,0.09911592132019068,,0.0029781864330004635,0.758024,0.494961,53.9
40,2.0,0.05,0.09956354427033387,0.003023417915437165,0.003023417915437165,0.756676,0.495327,79.5
41,2.0,0.05,0.09998176187176226,,0.003023417915437165,0.755389,0.495706,54.0
42,2.0,0.05,0.10037235660273432,0.002972595420413961,0.003023417915437165,0.754256,0.496032,76.1
43,2.0,0.05,0.10073568036791598,,0.003023417915437165,0.753249,0.496253,54.0
44,2.0,0.05,0.10104564981869292,0.0027766100511414497,0.003023417915437165,0.752490,0.496467,76.0
45,2.0,0.05,0.10131114451423075,,0.003023417915437165,0.751761,0.496445,54.0
46,2.0,0.05,0.10155636923466667,0.0025461905246864035,0.003023417915437165,0.751331,0.496466,76.0
47,2.0,0.05,0.10177114117017097,,0.003023417915437165,0.750778,0.496318,53.9
48,2.0,0.05,0.10198887464170768,0.0023675073869425666,0.003023417915437165,0.750363,0.496299,76.0
49,2.0,0.05,0.10216401356190545,,0.003023417915437165,0.749832,0.496051,54.1
50,2.0,0.05,0.1023561332809011,0.002147851435334089,0.003023417915437165,0.749450,0.496002,78.1
51,2.0,0.05,0.10247505098076,,0.003023417915437165,0.748897,0.495720,54.1
52,2.0,0.05,0.10264712274741615,0.0019893198325626987,0.003023417915437165,0.748520,0.495677,75.9
53,2.0,0.05,0.1027073471656667,,0.003023417915437165,0.747960,0.495377,54.2
54,2.0,0.05,0.10289837187085848,0.0018851764876258532,0.003023417915437165,0.747592,0.495363,76.0
55,2.0,0.05,0.10292841479811202,,0.003023417915437165,0.747035,0.495062,54.2
56,2.160119477784612,0.05,0.10309709674682395,0.0018170850725645602,0.003023417915437165,0.738352,0.495172,76.0
57,2.333058079152233,0.05,0.10271960515241832,,0.003023417915437165,0.729365,0.495019,54.0
58,2.5198420997897464,0.05,0.10226447963058366,0.0016464869909028014,0.003023417915437165,0.720484,0.495235,76.0
59,2.721580000348754,0.05,0.10123597402020215,,0.003023417915437165,0.711680,0.495156,53.9
60,2.9394689845511977,0.05,0.10048795440835234,0.0013649747620204827,0.003023417915437165,0.703371,0.495571,80.4
61,3.1748021039363987,0.05,0.09898830160721095,,0.003023417915437165,0.695166,0.495566,54.1
62,3.428975931412291,0.05,0.09838691496036868,0.0011030451817321291,0.003023417915437165,0.687036,0.496266,76.0
63,3.7034988491491614,0.05,0.09695046053981957,,0.003023417915437165,0.678604,0.496202,53.9
64,4.0,0.05,0.09517268704457413,0.0009574454358428192,0.003023417915437165,0.669010,0.497500,76.1
65,4.320238955569224,0.05,0.08959764328369998,,0.003023417915437165,0.658133,0.496011,53.9
66,4.666116158304467,0.05,0.09050406942598654,0.0008167060294947708,0.003023417915437165,0.647074,0.497737,76.2
67,5.039684199579493,0.05,0.09346242567026003,,0.003023417915437165,0.639986,0.496925,54.0
68,5.443160000697508,0.05,0.09267130608463044,0.0007394632395417668,0.003023417915437165,0.634380,0.496537,75.9
69,5.878937969102395,0.05,0.08272582220664824,,0.003023417915437165,0.632151,0.497778,53.9
70,6.349604207872798,0.05,0.05906653513004147,0.0008767980798756121,0.003023417915437165,0.617397,0.497269,77.9
71,6.857951862824582,0.05,0.05271979267343232,,0.003023417915437165,0.595881,0.497252,54.0
72,7.406997698298323,0.05,0.04006978429107383,0.00036632367426823065,0.003023417915437165,0.581120,0.501923,75.9
73,8.0,0.05,0.04563136545197666,,0.003023417915437165,0.565270,0.504497,54.0
74,8.640477911138449,0.04629373561436453,0.051382368718607324,0.0009818043492480619,0.003023417915437165,0.542278,0.503184,75.9
75,9.332232316608934,0.042862199142653636,0.04914872807832517,,0.003023417915437165,0.520784,0.500331,54.1
76,10.079368399158986,0.039685026299204985,0.05912355749350975,0.0008745249182245579,0.003023417915437165,0.501456,0.500874,76.0
77,10.886320001395017,0.036743362306889966,0.06207533073644906,,0.003023417915437165,0.484407,0.502972,54.2
78,11.757875938204789,0.03401975000435943,0.06921212826322591,0.00023823396704104668,0.003023417915437165,0.468898,0.506346,75.9
79,12.699208415745595,0.03149802624737183,0.060777966555088214,,0.003023417915437165,0.455637,0.509082,54.2
80,13.715903725649165,0.029163225989402918,0.06558878618072944,0.0019864825136320036,0.003023417915437165,0.435443,0.510175,80.2
81,14.813995396596646,0.02700149347230766,0.06961310006490881,,0.003023417915437165,0.428906,0.507128,53.9
82,16.0,0.025,0.06260489920836401,0.00377853668677306,0.00377853668677306,0.417126,0.506692,76.1
83,17.280955822276898,0.023146867807182264,0.06823736576177444,,0.00377853668677306,0.403666,0.506498,53.9
84,18.664464633217868,0.021431099571326818,0.06681973223048107,0.0022195010463679117,0.00377853668677306,0.388438,0.500460,76.0
85,20.15873679831797,0.019842513149602493,0.0600656431648513,,0.00377853668677306,0.376631,0.501035,54.0
86,21.772640002790034,0.018371681153444983,0.05669954498774414,0.01309738344597672,0.01309738344597672,0.357095,0.500884,76.2
87,23.515751876409578,0.017009875002179715,0.06757465321916485,,0.01309738344597672,0.344490,0.494735,53.9
88,25.39841683149119,0.015749013123685915,0.050997381446737836,0.015490693877394691,0.015490693877394691,0.331995,0.491065,76.2
89,27.43180745129833,0.014581612994701459,0.057289598936846285,,0.015490693877394691,0.317327,0.489701,53.9
90,29.62799079319329,0.01350074673615383,0.06992391926572171,0.022078489320124028,0.022078489320124028,0.302521,0.490096,78.3
91,32.0,0.0125,0.07578537956875409,,0.022078489320124028,0.289029,0.489326,54.1
92,34.56191164455379,0.011573433903591133,0.0756844825082211,0.025298701590275575,0.025298701590275575,0.277493,0.488167,76.0
93,37.328929266435736,0.010715549785663409,0.08247600231563099,,0.025298701590275575,0.266225,0.485153,53.9
94,40.317473596635935,0.009921256574801248,0.0851842194724187,0.03773796747569784,0.03773796747569784,0.254257,0.484325,76.0
95,43.54528000558007,0.009185840576722492,0.08273443126189485,,0.03773796747569784,0.242672,0.481687,53.9
96,43.54528000558007,0.009185840576722492,0.08642454993899248,0.0505762418160186,0.0505762418160186,0.243569,0.480342,134.4
97,43.54528000558007,0.009185840576722492,0.08110053396515207,,0.0505762418160186,0.244289,0.479998,54.0
98,56.60886400725409,0.0070660312128634556,0.08677308824275262,0.05309460678226184,0.05309460678226184,0.199792,0.479189,75.7
99,56.60886400725409,0.0070660312128634556,0.09221596615891793,,0.05309460678226184,0.201876,0.477159,54.2
100,56.60886400725409,0.0070660312128634556,0.09434142829046173,0.06680394716229687,0.06680394716229687,0.203863,0.476268,79.1
101,56.60886400725409,0.0070660312128634556,0.09513960092859175,,0.06680394716229687,0.205252,0.474583,54.3
102,56.60886400725409,0.0070660312128634556,0.09509095996264554,0.07103579558077379,0.07103579558077379,0.206128,0.473766,76.0
103,56.60886400725409,0.0070660312128634556,0.09646391075524391,,0.07103579558077379,0.206429,0.473035,53.9
104,56.60886400725409,0.0070660312128634556,0.09718354401603675,0.07393411033363777,0.07393411033363777,0.207115,0.472269,75.7
105,56.60886400725409,0.0070660312128634556,0.09857146415261564,,0.07393411033363777,0.207400,0.471861,53.9
106,56.60886400725409,0.0070660312128634556,0.09928577931859463,0.07712634230596434,0.07712634230596434,0.208063,0.470945,75.7
107,56.60886400725409,0.0070660312128634556,0.100090850890618,,0.07712634230596434,0.208338,0.470690,53.9
108,56.60886400725409,0.0070660312128634556,0.10066010477140801,0.07801894488948603,0.07801894488948603,0.208905,0.469939,75.8
109,56.60886400725409,0.0070660312128634556,0.10132950194721053,,0.07801894488948603,0.209158,0.469533,53.9
110,56.60886400725409,0.0070660312128634556,0.10150918335024356,0.07840854328788405,0.07840854328788405,0.209558,0.469019,76.4
111,56.60886400725409,0.0070660312128634556,0.1021584347175303,,0.07840854328788405,0.209664,0.468620,53.9
112,56.60886400725409,0.0070660312128634556,0.10230333861733754,0.07890831225407056,0.07890831225407056,0.209962,0.468294,75.9
113,56.60886400725409,0.0070660312128634556,0.10307745458914412,,0.07890831225407056,0.210053,0.467870,53.9
114,56.60886400725409,0.0070660312128634556,0.10330659594805804,0.07989544623081764,0.07989544623081764,0.210350,0.467611,75.6
115,56.60886400725409,0.0070660312128634556,0.1039571668360263,,0.07989544623081764,0.210455,0.467213,53.9
116,56.60886400725409,0.0070660312128634556,0.10419556590383934,0.0808456190451851,0.0808456190451851,0.210746,0.466961,75.6
117,56.60886400725409,0.0070660312128634556,0.10473660107836491,,0.0808456190451851,0.210851,0.466583,53.9
118,56.60886400725409,0.0070660312128634556,0.10494276969185143,0.08167083948004568,0.08167083948004568,0.211127,0.466323,75.6
119,56.60886400725409,0.0070660312128634556,0.10541601819339949,,0.08167083948004568,0.211220,0.465948,54.0
120,56.60886400725409,0.0070660312128634556,0.10556721895972528,0.08234771046462884,0.08234771046462884,0.211477,0.465689,78.2
121,56.60886400725409,0.0070660312128634556,0.10600789901141804,,0.08234771046462884,0.211555,0.465318,54.0
122,56.60886400725409,0.0070660312128634556,0.10610686944716372,0.08293386563454538,0.08293386563454538,0.211795,0.465084,75.6
123,56.60886400725409,0.0070660312128634556,0.1065396184868303,,0.08293386563454538,0.211860,0.464721,54.2
124,56.60886400725409,0.0070660312128634556,0.1065997048916367,0.08340475144978352,0.08340475144978352,0.212086,0.464519,75.6
125,56.60886400725409,0.0070660312128634556,0.10703345102719367,,0.08340475144978352,0.212143,0.464163,54.1
126,56.60886400725409,0.0070660312128634556,0.10706716275717945,0.08386272440081448,0.08386272440081448,0.212355,0.463992,75.6
127,56.60886400725409,0.0070660312128634556,0.10750495453008906,,0.08386272440081448,0.212407,0.463644,53.9
128,56.60886400725409,0.0070660312128634556,0.10752619550295253,0.08432248024619322,0.08432248024619322,0.212607,0.463494,75.7
129,56.60886400725409,0.0070660312128634556,0.10796276578320062,,0.08432248024619322,0.212656,0.463153,53.9
130,56.60886400725409,0.0070660312128634556,0.10797768332515618,0.08475965350450106,0.08475965350450106,0.212845,0.463019,76.4
131,56.60886400725409,0.0070660312128634556,0.10840553453656655,,0.08475965350450106,0.212891,0.462686,53.9
132,56.60886400725409,0.0070660312128634556,0.1084158559830474,0.08514899475000738,0.08514899475000738,0.213071,0.462563,75.9
133,56.60886400725409,0.0070660312128634556,0.10883137480956304,,0.08514899475000738,0.213115,0.462237,53.9
134,56.60886400725409,0.0070660312128634556,0.10883655838752998,0.08558469444774629,0.08558469444774629,0.213287,0.462121,75.9
135,56.60886400725409,0.0070660312128634556,0.10923972798725497,,0.08558469444774629,0.213326,0.461805,53.9
136,56.60886400725409,0.0070660312128634556,0.1092400391400691,0.08600421071054838,0.08600421071054838,0.213492,0.461693,75.9
137,56.60886400725409,0.0070660312128634556,0.10963135133626109,,0.08600421071054838,0.213524,0.461390,53.8
138,56.60886400725409,0.0070660312128634556,0.10962686418752922,0.08643259541345596,0.08643259541345596,0.213689,0.461278,75.5
139,56.60886400725409,0.0070660312128634556,0.11000816645933538,,0.08643259541345596,0.213716,0.460989,53.9
140,56.60886400725409,0.0070660312128634556,0.10999942165275563,0.08684703902367609,0.08684703902367609,0.213880,0.460876,78.3
141,56.60886400725409,0.0070660312128634556,0.11037040465868175,,0.08684703902367609,0.213898,0.460601,53.9
142,56.60886400725409,0.0070660312128634556,0.11035845735788649,0.08726117317083747,0.08726117317083747,0.214062,0.460487,75.7
143,56.60886400725409,0.0070660312128634556,0.11071988634670374,,0.08726117317083747,0.214072,0.460228,53.9
144,56.60886400725409,0.0070660312128634556,0.11070433659314188,0.08763493496297246,0.08763493496297246,0.214238,0.460113,75.7
145,56.60886400725409,0.0070660312128634556,0.11105627309927855,,0.08763493496297246,0.214239,0.459867,54.1
146,56.60886400725409,0.0070660312128634556,0.11103819745109843,0.0880115492670367,0.0880115492670367,0.214406,0.459751,75.7
147,56.60886400725409,0.0070660312128634556,0.1113819430953327,,0.0880115492670367,0.214400,0.459519,54.0
148,56.60886400725409,0.0070660312128634556,0.11136402217829884,0.08839577366945331,0.08839577366945331,0.214569,0.459401,75.7
149,73.59152320943032,0.005435408625279581,0.1100472891843555,0.08759558320382399,0.08839577366945331,0.174738,0.459021,78.1
150,73.59152320943032,0.005435408625279581,0.1109192034616069,0.09477363064983163,0.09477363064983163,0.175587,0.457936,134.2
151,73.59152320943032,0.005435408625279581,0.11159310931047137,,0.09477363064983163,0.175959,0.457706,54.3
152,73.59152320943032,0.005435408625279581,0.11185166288389949,0.09670674103706223,0.09670674103706223,0.176383,0.457320,75.8
153,73.59152320943032,0.005435408625279581,0.11219334207429553,,0.09670674103706223,0.176555,0.457050,54.0
154,73.59152320943032,0.005435408625279581,0.1123659188425562,0.0979857588871767,0.0979857588871767,0.176854,0.456747,75.7
155,73.59152320943032,0.005435408625279581,0.11262005198817378,,0.0979857588871767,0.176970,0.456533,54.2
156,73.59152320943032,0.005435408625279581,0.1127755652468824,0.09872564053005685,0.09872564053005685,0.177216,0.456246,75.7
157,73.59152320943032,0.005435408625279581,0.11300096554558026,,0.09872564053005685,0.177296,0.456061,53.9
158,73.59152320943032,0.005435408625279581,0.11314329379902895,0.09923288138845832,0.09923288138845832,0.177506,0.455789,75.7
159,73.59152320943032,0.005435408625279581,0.11335058363867366,,0.09923288138845832,0.177559,0.455621,53.9
160,73.59152320943032,0.005435408625279581,0.1134707443234564,0.09962953359276105,0.09962953359276105,0.177742,0.455362,78.4
161,73.59152320943032,0.005435408625279581,0.11365906956654835,,0.09962953359276105,0.177775,0.455204,53.9
162,73.59152320943032,0.005435408625279581,0.1137502754077398,0.09998092617918101,0.09998092617918101,0.177941,0.454966,75.8
163,73.59152320943032,0.005435408625279581,0.11392428227511636,,0.09998092617918101,0.177964,0.454817,53.9
164,73.59152320943032,0.005435408625279581,0.1139850249506053,0.10025798227749237,0.10025798227749237,0.178122,0.454602,75.9
165,80.95067553037336,0.0049412805684359825,0.11385087989663466,,0.10025798227749237,0.164946,0.454400,105.6
166,89.0457430834107,0.004492073244032711,0.11373503818427542,0.10214019133583045,0.10214019133583045,0.152787,0.453850,79.6
167,97.95031739175178,0.004083702949120646,0.11372105100989349,,0.10214019133583045,0.141239,0.453446,53.9
168,107.74534913092697,0.003712457226473314,0.11377163127479016,0.10545039492501368,0.10545039492501368,0.130554,0.452833,76.2
169,118.51988404401968,0.0033749611149757395,0.1138882033778512,,0.10545039492501368,0.120467,0.452387,53.8
170,130.37187244842164,0.0030681464681597635,0.11403722685997772,0.10852094648113146,0.10852094648113146,0.111167,0.451677,77.3
171,143.40905969326383,0.002789224061963421,0.11419465881613039,,0.10852094648113146,0.102486,0.451113,54.0
172,157.74996566259023,0.002535658238148564,0.1143654127476018,0.11093452499614684,0.11093452499614684,0.094506,0.450250,75.9
173,173.52496222884926,0.002305143852862331,0.11451516276252965,,0.11093452499614684,0.087107,0.449430,53.9
174,190.8774584517342,0.002095585320783937,0.11464368513830901,0.11244804729641117,0.11244804729641117,0.080166,0.448853,75.9
175,209.96520429690764,0.0019050775643490335,0.11477126102716637,,0.11244804729641117,0.073663,0.448325,54.2
176,230.96172472659842,0.0017318886948627576,0.11489513152798399,0.1133829377793209,0.1133829377793209,0.067596,0.447968,76.6
177,254.0578971992583,0.0015744442680570522,0.11501533629650341,,0.1133829377793209,0.062012,0.447576,54.2
178,256.0,0.0015625,0.11518502201360156,0.11414950360291216,0.11414950360291216,0.061793,0.447201,75.9
179,256.0,0.0015625,0.11535742223094005,,0.11414950360291216,0.061963,0.447021,54.3
180,256.0,0.0015625,0.11552423782100212,0.11446788406110746,0.11446788406110746,0.062114,0.446827,79.5
181,256.0,0.0015625,0.11568818741457967,,0.11446788406110746,0.062245,0.446619,54.6
182,256.0,0.0015625,0.11584960543755231,0.114837822080611,0.114837822080611,0.062346,0.446489,76.6
183,256.0,0.0015625,0.11600724862027335,,0.114837822080611,0.062432,0.446388,53.9
184,256.0,0.0015625,0.11616093224148306,0.1151505406121297,0.1151505406121297,0.062509,0.446258,75.9
185,256.0,0.0015625,0.11631070300315416,,0.1151505406121297,0.062576,0.446147,53.9
186,256.0,0.0015625,0.11645659715702282,0.11543873747330159,0.11543873747330159,0.062637,0.446043,76.1
187,256.0,0.0015625,0.1165984887699637,,0.11543873747330159,0.062694,0.445934,53.8
188,256.0,0.0015625,0.11673643479682486,0.11573108822369231,0.11573108822369231,0.062746,0.445817,76.0
189,256.0,0.0015625,0.11687063248366095,,0.11573108822369231,0.062790,0.445726,53.8
190,256.0,0.0015625,0.11700116570398623,0.11600029173818686,0.11600029173818686,0.062835,0.445607,77.5
191,256.0,0.0015625,0.1171278874589044,,0.11600029173818686,0.062872,0.445530,53.9
192,256.0,0.0015625,0.11725088204599916,0.11625131333638127,0.11625131333638127,0.062910,0.445414,76.0
193,256.0,0.0015625,0.11737015235211344,,0.11625131333638127,0.062939,0.445333,54.2
194,256.0,0.0015625,0.11748639126006728,0.1164601952394836,0.1164601952394836,0.062970,0.445238,75.9
195,256.0,0.0015625,0.11760054140304689,,0.1164601952394836,0.063002,0.445133,53.9
196,256.0,0.0015625,0.11771279111434133,0.11667321432387652,0.11667321432387652,0.063034,0.445053,76.5
197,256.0,0.0015625,0.11782336752309884,,0.11667321432387652,0.063069,0.444972,54.2
198,256.0,0.0015625,0.11793211147543822,0.11689430585060256,0.11689430585060256,0.063105,0.444883,76.2
199,256.0,0.0015625,0.11803885643744175,,0.11689430585060256,0.063141,0.444801,54.1
200,256.0,0.0015625,0.11814390953159182,0.11709810106237249,0.11709810106237249,0.063181,0.444723,78.5
201,256.0,0.0015625,0.1182475290298141,,0.11709810106237249,0.063221,0.444649,54.1
202,256.0,0.0015625,0.11834979255471256,0.11729120554948456,0.11729120554948456,0.063263,0.444567,75.9
203,256.0,0.0015625,0.11845052395435623,,0.11729120554948456,0.063303,0.444495,54.1
204,256.0,0.0015625,0.11854974316828158,0.11747550475855885,0.11747550475855885,0.063345,0.444421,75.8
205,256.0,0.0015625,0.11864744347968137,,0.11747550475855885,0.063388,0.444348,54.1
206,256.0,0.0015625,0.11874375324045448,0.11766167224676395,0.11766167224676395,0.063433,0.444274,76.2
207,256.0,0.0015625,0.11883886595812711,,0.11766167224676395,0.063476,0.444209,53.8
208,256.0,0.0015625,0.11893278372288682,0.11785723528077192,0.11785723528077192,0.063522,0.444130,76.0
209,256.0,0.0015625,0.11902526393785211,,0.11785723528077192,0.063563,0.444078,53.9
210,256.0,0.0015625,0.11911466291540201,0.11806826084551855,0.11806826084551855,0.063607,0.443973,76.6
211,256.0,0.0015625,0.11919541688147553,,0.11806826084551855,0.063627,0.443958,54.1
212,256.0,0.0015625,0.11926744132626793,0.11824326468069866,0.11824326468069866,0.063650,0.443849,76.1
213,256.0,0.0015625,0.11933482863660298,,0.11824326468069866,0.063647,0.443827,53.9
214,256.0,0.0015625,0.11940030716827453,0.11839369808883875,0.11839369808883875,0.063668,0.443687,76.0
215,256.0,0.0015625,0.11946485904293702,,0.11839369808883875,0.063664,0.443710,53.9
216,256.0,0.0015625,0.11952938333218797,0.11852396860921642,0.11852396860921642,0.063686,0.443553,76.1
217,256.0,0.0015625,0.11959328599365099,,0.11852396860921642,0.063684,0.443575,53.9
218,256.0,0.0015625,0.1196579229238679,0.11864390798869413,0.11864390798869413,0.063707,0.443425,75.9
219,256.0,0.0015625,0.11972230995747345,,0.11864390798869413,0.063710,0.443432,53.9
220,256.0,0.0015625,0.1197877142246711,0.11876283152598627,0.11876283152598627,0.063733,0.443295,78.4
221,256.0,0.0015625,0.11985311075795552,,0.11876283152598627,0.063738,0.443291,53.9
222,256.0,0.0015625,0.11991959708304188,0.11888390148290441,0.11888390148290441,0.063761,0.443165,76.0
223,256.0,0.0015625,0.11998613862130414,,0.11888390148290441,0.063767,0.443155,54.0
224,256.0,0.0015625,0.12005368175632762,0.11901192546572899,0.11901192546572899,0.063789,0.443035,76.1
225,256.0,0.0015625,0.12012107074814159,,0.11901192546572899,0.063797,0.443020,54.0
226,256.0,0.0015625,0.12018903343193982,0.11913782364276282,0.11913782364276282,0.063817,0.442904,76.0
227,256.0,0.0015625,0.12025660464522689,,0.11913782364276282,0.063825,0.442884,54.2
228,256.0,0.0015625,0.12032461792642331,0.11926829765242139,0.11926829765242139,0.063846,0.442771,75.9
229,256.0,0.0015625,0.12039236739657605,,0.11926829765242139,0.063854,0.442749,54.1
230,256.0,0.0015625,0.12046040757156004,0.11939907926876042,0.11939907926876042,0.063875,0.442639,76.5
231,256.0,0.0015625,0.12052806007044085,,0.11939907926876042,0.063884,0.442616,53.9
232,256.0,0.0015625,0.12059593251466806,0.11953243498266636,0.11953243498266636,0.063905,0.442509,75.9
233,256.0,0.0015625,0.12066328406001833,,0.11953243498266636,0.063916,0.442486,53.8
234,256.0,0.0015625,0.12073059661888016,0.11966636369461565,0.11966636369461565,0.063937,0.442381,75.9
235,256.0,0.0015625,0.12079699406842156,,0.11966636369461565,0.063947,0.442359,53.9
236,256.0,0.0015625,0.12086275847430988,0.11979440693657434,0.11979440693657434,0.063967,0.442257,76.1
237,256.0,0.0015625,0.12092673070758832,,0.11979440693657434,0.063973,0.442236,53.9
238,256.0,0.0015625,0.12098878454668358,0.11993159547803629,0.11993159547803629,0.063990,0.442135,76.0
239,256.0,0.0015625,0.12104725154039611,,0.11993159547803629,0.063992,0.442122,53.9
240,256.0,0.0015625,0.12110163300019798,0.12006863455748451,0.12006863455748451,0.064011,0.442003,79.0
241,256.0,0.0015625,0.12115087831004495,,0.12006863455748451,0.064006,0.442027,53.9
242,256.0,0.0015625,0.12119614778142578,0.12020245437395219,0.12020245437395219,0.064030,0.441869,76.0
243,256.0,0.0015625,0.12123836479124049,,0.12020245437395219,0.064022,0.441940,53.9
244,256.0,0.0015625,0.12127562962907129,0.1203195978142953,0.1203195978142953,0.064052,0.441740,75.9
245,256.0,0.0015625,0.12131081976641372,,0.1203195978142953,0.064039,0.441856,54.4
246,256.0,0.0015625,0.12133864177950099,0.1204180467518476,0.1204180467518476,0.064076,0.441622,76.3
247,256.0,0.0015625,0.12136704981845232,,0.1204180467518476,0.064057,0.441776,53.9
248,256.0,0.0015625,0.1213847085710997,0.12049555280677204,0.12049555280677204,0.064098,0.441510,75.8
249,256.0,0.0015625,0.1214086012540229,0.11995484557846958,0.12049555280677204,0.064072,0.441700,77.9
